-- Tabela MESTO
INSERT INTO MESTO (IdMes, Mesto) VALUES
(1, 'Beograd'),
(2, 'Novi Sad'),
(3, 'Niš'),
(4, 'Kragujevac'),
(5, 'Subotica'),
(6, 'Čačak'),
(7, 'Zrenjanin'),
(8, 'Kraljevo'),
(9, 'Smederevo'),
(10, 'Leskovac'),
(11, 'Valjevo'),
(12, 'Vranje'),
(13, 'Šabac'),
(14, 'Užice'),
(15, 'Pančevo'),
(16, 'Novi Pazar'),
(17, 'Bor'),
(18, 'Sombor'),
(19, 'Požarevac'),
(20, 'Pirot');

-- Tabela KATEGORIJA
INSERT INTO KATEGORIJA (IdKat, Naziv) VALUES
(1, 'Elektronika'),
(2, 'Odeća'),
(3, 'Obuća'),
(4, 'Nameštaj'),
(5, 'Knjige'),
(6, 'Sport i rekreacija'),
(7, 'Lepota i nega'),
(8, 'Kućni aparati'),
(9, 'Automobili'),
(10, 'Vrt i bašta'),
(11, 'Igračke'),
(12, 'Muzika'),
(13, 'Hrana'),
(14, 'Piće'),
(15, 'Kancelarijski materijal'),
(16, 'Filmovi i serije'),
(17, 'Kućni ljubimci'),
(18, 'Putovanja'),
(19, 'Umjetnost'),
(20, 'Nakit');

-- Tabela KORISNIK
INSERT INTO KORISNIK (IdKor, Ime, Prezime, Mobilni, Email, Godiste, Pol, IdM) VALUES
(1, 'Marko', 'Marković', '0612345678', 'marko@example.com', 1990, 'M', 1),
(2, 'Ana', 'Anić', '0649876543', 'ana@example.com', 1985, 'Ž', 2),
(3, 'Stefan', 'Stefanović', '063555444', 'stefan@example.com', 1995, 'M', 3),
(4, 'Jelena', 'Jelenić', '0651234567', 'jelena@example.com', 1988, 'Ž', 4),
(5, 'Nikola', 'Nikolić', '0627894561', 'nikola@example.com', 1992, 'M', 5),
(6, 'Marija', 'Marić', '0641234567', 'marija@example.com', 1991, 'Ž', 6),
(7, 'Petar', 'Petrović', '0639876543', 'petar@example.com', 1993, 'M', 7),
(8, 'Jovana', 'Jovanović', '061555444', 'jovana@example.com', 1987, 'Ž', 8),
(9, 'Ivan', 'Ivanović', '064444555', 'ivan@example.com', 1994, 'M', 9),
(10, 'Milica', 'Milić', '062555666', 'milica@example.com', 1990, 'Ž', 10),
(11, 'Darko', 'Darković', '063666777', 'darko@example.com', 1998, 'M', 11),
(12, 'Sara', 'Sarić', '065777888', 'sara@example.com', 1996, 'Ž', 12),
(13, 'Aleksandar', 'Aleksić', '064888999', 'aleksandar@example.com', 1991, 'M', 13),
(14, 'Milena', 'Milenković', '062999000', 'milena@example.com', 1989, 'Ž', 14),
(15, 'Stefan', 'Stefanović', '061000111', 'stefan2@example.com', 1997, 'M', 15),
(16, 'Tamara', 'Tamarović', '064111222', 'tamara@example.com', 1993, 'Ž', 16),
(17, 'Dušan', 'Dušanić', '063222333', 'dusan@example.com', 1995, 'M', 17),
(18, 'Jovana', 'Jović', '062333444', 'jovana2@example.com', 1992, 'Ž', 18),
(19, 'Nemanja', 'Nemanjić', '061444555', 'nemanja@example.com', 1986, 'M', 19),
(20, 'Milica', 'Milinković', '065555666', 'milica2@example.com', 1994, 'Ž', 20);



-- Tabela ARTIKAL
INSERT INTO ARTIKAL (IdArt, Naziv, Opis, Cena, Popust, Kolicina, IdKor, IdKat) VALUES
(1, 'Smartphone', 'Moderan pametni telefon sa naprednim funkcijama.', 699.99, 0, 10, 20, 1),
(2, 'Majica', 'Crna majica sa kratkim rukavima.', 19.99, 0, 50, 19, 2),
(3, 'Patike', 'Sportske patike pogodne za trčanje.', 79.99, 0, 20, 18, 3),
(4, 'Sofa', 'Velika trosed sofa za udobno sedenje.', 599.99, 0, 5, 17, 4),
(5, 'Knjiga', 'Bestseler roman koji će vas držati u napetosti.', 14.99, 0, 30, 16, 5),
(6, 'Fudbalska lopta', 'Sportska lopta za fudbal.', 29.99, 0, 15, 15, 6),
(7, 'Maskara', 'Vodootporna maskara za produžene trepavice.', 9.99, 0, 40, 14, 7),
(8, 'Mikrotalasna pećnica', 'Mikrotalasna pećnica sa brojnim funkcijama.', 149.99, 0, 8, 13, 8),
(9, 'Automobil', 'Limuzina sa luksuznim enterijerom.', 50000.00, 0, 2, 12, 9),
(10, 'Baštenske rukavice', 'Rukavice za rad u bašti.', 9.99, 0, 25, 11, 10),
(11, 'Igračka za decu', 'Interaktivna igračka za zabavu i učenje.', 24.99, 0, 12, 10, 11),
(12, 'CD album', 'Najnoviji album omiljenog izvođača.', 12.99, 0, 18, 9, 12),
(13, 'Čokolada', 'Mlečna čokolada sa lešnicima.', 2.99, 0, 50, 8, 13),
(14, 'Vino', 'Crveno vino sa bogatim ukusom.', 19.99, 0, 20, 7, 14),
(15, 'Blok za beleške', 'Blok za pisanje i beleženje.', 4.99, 0, 40, 6, 15),
(16, 'DVD film', 'Najnoviji filmski hit na DVD-u.', 9.99, 0, 30, 5, 16),
(17, 'Hrana za mačke', 'Posebno formulirana hrana za mačke.', 7.99, 0, 35, 4, 13),
(18, 'Putovanje u Pariz', 'Romantično putovanje u Pariz.', 999.99, 0, 3, 3, 18),
(19, 'Slika', 'Unikatna slika autora.', 299.99, 0, 1, 2, 19),
(20, 'Prsten', 'Elegantan prsten sa dijamantom.', 599.99, 0, 5, 1, 20);

-- Tabela NARUDZBINA
INSERT INTO NARUDZBINA (IdNar, IdKor, Datum, Vreme, Iznos) VALUES
(1, 1, '2023-06-28', '14:30:00', 699.99),
(2, 2, '2023-06-28', '15:45:00', 39.99),
(3, 3, '2023-06-28', '16:20:00', 159.98),
(4, 4, '2023-06-28', '17:10:00', 1199.95),
(5, 5, '2023-06-28', '18:05:00', 449.70),
(6, 6, '2023-06-29', '09:15:00', 449.85),
(7, 7, '2023-06-29', '10:30:00', 399.60),
(8, 8, '2023-06-29', '11:40:00', 1199.92),
(9, 9, '2023-06-29', '12:25:00', 100000.00),
(10, 10, '2023-06-29', '13:55:00', 249.75),
(11, 11, '2025-06-29', '14:45:00', 274.89),
(12, 12, '2025-06-29', '15:30:00', 233.82),
(13, 13, '2025-06-29', '16:15:00', 149.50),
(14, 14, '2025-06-29', '17:00:00', 399.80),
(15, 15, '2025-06-29', '17:45:00', 199.60),
(16, 16, '2025-06-29', '18:30:00', 299.70),
(17, 17, '2025-06-29', '19:15:00', 279.65),
(18, 18, '2025-06-29', '19:45:00', 2999.97),
(19, 19, '2025-06-29', '20:10:00', 299.99),
(20, 20, '2025-06-29', '20:30:00', 2999.95);

-- Tabela STAVKA
INSERT INTO STAVKA (IdNar, IdArt, Iznos, Kolicina) VALUES
(1, 1, 699.99, 1),
(2, 2, 19.99, 2),
(3, 3, 79.99, 1),
(4, 4, 599.99, 1),
(5, 5, 14.99, 3),
(6, 6, 29.99, 2),
(7, 7, 9.99, 4),
(8, 8, 149.99, 1),
(9, 9, 50000.00, 1),
(10, 10, 9.99, 5),
(11, 11, 24.99, 2),
(12, 12, 12.99, 3),
(13, 13, 2.99, 10),
(14, 14, 19.99, 2),
(15, 15, 4.99, 4),
(16, 16, 9.99, 3),
(17, 17, 7.99, 4),
(18, 18, 999.99, 1),
(19, 19, 299.99, 1),
(20, 20, 599.99, 1);

-- Tabela KORPA
INSERT INTO KORPA (IdKor, IdArt, Kolicina) VALUES
(1, 1, 1),
(2, 2, 2),
(3, 3, 1),
(4, 4, 1),
(5, 5, 3),
(6, 6, 2),
(7, 7, 4),
(8, 8, 1),
(9, 9, 1),
(10, 10, 5),
(11, 11, 2),
(12, 12, 3),
(13, 13, 10),
(14, 14, 2),
(15, 15, 4),
(16, 16, 3),
(17, 17, 4),
(18, 18, 1),
(19, 19, 1),
(20, 20, 1);

-- Tabela RECENZIJA
INSERT INTO RECENZIJA (IdKor, IdArt, Ocena, Opis, Datum, Vreme) VALUES
(1, 1, 5, 'Odličan telefon, preporučujem!', '2023-06-29', '10:30:00'),
(2, 2, 4, 'Dobra majica, udobna za nošenje.', '2023-06-29', '11:00:00'),
(3, 3, 5, 'Patike su super, veoma udobne za trčanje.', '2023-06-29', '11:30:00'),
(4, 4, 5, 'Sofa je veoma udobna, zadovoljan sam kupovinom.', '2023-06-29', '12:00:00'),
(5, 5, 4, 'Knjiga je veoma zanimljiva, preporučujem je svima.', '2023-06-29', '12:30:00'),
(6, 6, 3, 'Lopta je dobra, ali nije baš najkvalitetnija.', '2023-06-29', '13:00:00'),
(7, 7, 5, 'Maskara je odlična, produžava trepavice i ne razmazuje se.', '2023-06-29', '13:30:00'),
(8, 8, 4, 'Mikrotalasna pećnica ima mnogo funkcija, veoma praktična.', '2023-06-29', '14:00:00'),
(9, 9, 5, 'Automobil je sjajan, vozi se veoma udobno.', '2023-06-29', '14:30:00'),
(10, 10, 5, 'Rukavice su dobre kvalitete, koristim ih svaki dan.', '2023-06-29', '15:00:00'),
(11, 11, 3, 'Igračka je interesantna, ali se brzo pokvari.', '2025-06-29', '15:30:00'),
(12, 12, 4, 'CD album ima dobre pesme, ali produkcija nije najbolja.', '2025-06-29', '16:00:00'),
(13, 13, 5, 'Čokolada je veoma ukusna, savršena poslastica.', '2025-06-29', '16:30:00'),
(14, 14, 5, 'Vino je odličnog kvaliteta, preporučujem ga svima.', '2025-06-29', '17:00:00'),
(15, 15, 4, 'Blok za beleške je praktičan za svakodnevno korišćenje.', '2025-06-29', '17:30:00'),
(16, 16, 3, 'DVD film je solidan, ali ima problema sa reprodukcijom.', '2025-06-29', '18:00:00'),
(17, 17, 4, 'Hrana za mačke je prihvaćena od strane mog ljubimca.', '2025-06-29', '18:30:00'),
(18, 18, 5, 'Putovanje u Pariz je bilo nezaboravno iskustvo.', '2025-06-29', '19:00:00'),
(19, 19, 5, 'Slika je prelepa i izuzetno kvalitetno urađena.', '2025-06-29', '19:30:00'),
(20, 20, 4, 'Prsten je veoma elegantan, ali nije najotporniji na ogrebotine.', '2025-06-29', '20:00:00');